"module","EntrezGene.ID","HUGO.gene.symbol","agilent","affy","coefficient","NMSE"
"ESR1","2099","ESR1","NM_000125","205225_at","1","0"
,"23158","TBC1D9","AB020689","212956_at","0.818853934","0.329519058"
,"2625","GATA3","NM_002051","209602_s_at","0.808404454","0.340901046"
,"771","CA12","NM_001218","204508_s_at","0.769664466","0.403723308"
,"3169","FOXA1","NM_004496","204667_at","0.747740313","0.445912639"
,"4602","MYB","NM_005375","204798_at","0.724360247","0.476220193"
,"7802","DNALI1","NM_003462","205186_at","0.722064641","0.476993136"
,"18","ABAT","NM_020686","209459_s_at","0.68431164","0.500878387"
,"7494","XBP1","NM_005080","200670_at","0.706606341","0.504567097"
,"57758","SCUBE2","NM_020974","219197_s_at","0.706307294","0.507028611"
,"2066","ERBB4","AF007153","214053_at","0.705524131","0.50920309"
,"9","NAT1","NM_000662","214440_at","0.68994857","0.524568765"
,"10551","AGR2","NM_006408","209173_at","0.682493984","0.524896233"
,"987","LRBA","M83822","212692_s_at","0.667204458","0.545200585"
,"56521","DNAJC12","AF176012","218976_at","0.654147619","0.552279601"
,"2203","FBP1","NM_000507","209696_at","0.666017848","0.563765784"
,"51466","EVL","NM_016337","217838_s_at","0.653404963","0.564019798"
,"51442","VGLL1","NM_016267","215729_s_at","-0.661295609","0.567442475"
,"57496","MKL2","NM_014048","218259_at","0.64903192","0.567499146"
,"7031","TFF1","NM_003225","205009_at","0.6449711","0.567670532"
,"1153","CIRBP","NM_001280","200810_s_at","0.644376986","0.57712969"
,"26227","PHGDH","NM_006623","201397_at","-0.649288086","0.582061385"
,"1555","CYP2B6","M29873","206754_s_at","0.631227682","0.596212258"
,"6648","SOD2","NM_000636","215223_s_at","-0.626227076","0.605433039"
,"55638","NA","NM_017786","218692_at","0.629800859","0.605503031"
,"221061","C10orf38","AL050367","212771_at","-0.619116223","0.620120942"
,"7033","TFF3","NM_003226","204623_at","0.616219874","0.620667764"
,"53335","BCL11A","NM_018014","219497_s_at","-0.617516345","0.624593924"
,"79818","ZNF552","Contig43054","219741_x_at","0.610820144","0.627481194"
,"57613","KIAA1467","AB040900","213234_at","0.590842681","0.631251573"
,"8416","ANXA9","NM_003568","210085_s_at","0.600083497","0.632229077"
,"582","BBS1","Contig1503_RC","218471_s_at","0.607975339","0.634990977"
,"54463","NA","NM_019000","218532_s_at","0.601669708","0.636624769"
,"55733","HHAT","NM_018194","219687_at","0.57829406","0.638592631"
,"2674","GFRA1","NM_005264","205696_s_at","0.584823646","0.638780117"
,"4478","MSN","NM_002444","200600_at","-0.591834873","0.643848416"
,"51097","SCCPDH","NM_016002","201825_s_at","0.594863448","0.646197689"
,"54502","NA","NM_019027","218035_s_at","0.597290216","0.649932337"
,"26018","LRIG1","AL117666","211596_s_at","0.591723382","0.65103686"
,"55793","FAM63A","NM_018379","221856_s_at","0.586608892","0.655692588"
,"3868","KRT16","NM_005557","209800_at","-0.549497975","0.660555073"
,"54961","SSH3","NM_017857","219919_s_at","0.580160177","0.662407239"
,"60481","ELOVL5","AF111849","208788_at","0.582552358","0.663927448"
,"3667","IRS1","NM_005544","204686_at","0.57148821","0.670004986"
,"83439","TCF7L1","Contig57725_RC","221016_s_at","-0.576851661","0.670185709"
,"10950","BTG3","NM_006806","205548_s_at","-0.578035847","0.671668378"
,"3572","IL6ST","NM_002184","204863_s_at","0.566168955","0.672265327"
,"4783","NFIL3","NM_005384","203574_at","-0.55143972","0.674600099"
,"51161","C3orf18","NM_016210","219114_at","0.553100882","0.675614902"
,"2296","FOXC1","NM_001453","213260_at","-0.562466127","0.677073594"
,"6664","SOX11","NM_003108","204914_s_at","-0.578389737","0.677177874"
,"5613","PRKX","NM_005044","204061_at","-0.555390767","0.679650809"
,"8543","LMO4","NM_006769","209204_at","-0.567116721","0.680574997"
,"55686","MREG","NM_018000","219648_at","0.57186844","0.680694279"
,"8100","IFT88","NM_006531","204703_at","0.55028445","0.682287138"
,"2617","GARS","NM_002047","208693_s_at","-0.564193219","0.684354279"
,"3945","LDHB","NM_002300","201030_x_at","-0.555574851","0.685360876"
,"8382","NME5","NM_003551","206197_at","0.555210673","0.689486281"
,"10614","HEXIM1","NM_006460","202815_s_at","0.5516074","0.690267345"
,"9633","MTL5","NM_004923","219786_at","0.561763365","0.692112214"
,"2568","GABRP","NM_014211","205044_at","-0.558835211","0.693312003"
,"23324","MAN2B2","AB023152","214703_s_at","0.555058606","0.693977059"
,"55765","C1orf106","NM_018265","219010_at","-0.541800035","0.695474669"
,"5104","SERPINA5","J02639","209443_at","0.552615794","0.696714554"
,"5174","PDZK1","NM_002614","205380_at","0.546051055","0.697188944"
,"56674","TMEM9B","Contig1462_RC","218065_s_at","0.528127412","0.698235582"
,"1054","CEBPG","NM_001806","204203_at","-0.553145812","0.698369112"
,"9120","SLC16A6","NM_004694","207038_at","0.548877174","0.701189497"
,"79641","ROGDI","Contig292_RC","218394_at","0.54629249","0.701533185"
,"23303","KIF13B","AF279865","202962_at","0.541898896","0.702905771"
,"2173","FABP7","NM_001446","205029_s_at","-0.52941225","0.703037328"
,"23171","GPD1L","D42047","212510_at","0.544914666","0.705950088"
,"9674","KIAA0040","NM_014656","203143_s_at","0.532088271","0.708978452"
,"27134","TJP3","NM_014428","213412_at","0.542775525","0.710067869"
,"79921","TCEAL4","Contig3659_RC","202371_at","0.541970152","0.710331465"
,"54898","ELOVL2","AL080199","213712_at","0.52925655","0.710508034"
,"1345","COX6C","NM_004374","201754_at","0.539941313","0.710572245"
,"5937","RBMS1","NM_016839","207266_x_at","-0.539744359","0.711344043"
,"400451","NA","AL110139","51158_at","0.537420183","0.716062616"
,"3898","LAD1","NM_005558","203287_at","-0.53550815","0.716693669"
,"2530","FUT8","NM_004480","203988_s_at","0.505530007","0.718532442"
,"51306","C5orf5","NM_016603","218518_at","0.528812601","0.719378071"
,"25837","RAB26","NM_014353","219562_at","0.526164961","0.719523191"
,"10982","MAPRE2","X94232","202501_at","-0.519382303","0.721044346"
,"1632","DCI","NM_001919","209759_s_at","0.5213171","0.721375708"
,"7905","REEP5","M73547","208873_s_at","0.525130991","0.725825747"
,"1101","CHAD","NM_001267","206869_at","0.526770704","0.726408365"
,"323","APBB2","U62325","213419_at","0.507242904","0.729583221"
,"28958","CCDC56","NM_014019","218026_at","0.523641457","0.729997843"
,"1476","CSTB","NM_000100","201201_at","-0.522285278","0.730310348"
,"9435","CHST2","NM_004267","203921_at","-0.523967096","0.730941092"
,"7371","UCK2","NM_012474","209825_s_at","-0.517091493","0.733658287"
,"2737","GLI3","NM_000168","205201_at","0.521494671","0.733707267"
,"8685","MARCO","NM_006770","205819_at","-0.518384992","0.73371596"
,"3295","HSD17B4","NM_000414","201413_at","0.49793269","0.738043938"
,"11013","TMSL8","D82345","205347_s_at","-0.482438149","0.738461069"
,"51604","PIGT","NM_015937","217770_at","0.514231244","0.738548025"
,"6663","SOX10","NM_006941","209842_at","-0.52250076","0.739074324"
,"85377","MICALL1","Contig55538_RC","221779_at","-0.516534624","0.739527411"
,"58495","OVOL2","AL079276","211778_s_at","0.509854248","0.740100478"
,"1116","CHI3L1","NM_001276","209395_at","-0.507525399","0.741531574"
,"11001","SLC27A2","NM_003645","205768_s_at","0.504487267","0.743254132"
,"25841","ABTB2","AL050374","213497_at","-0.501523194","0.744291557"
,"64080","RBKS","Contig54394_RC","57540_at","0.501098938","0.744631881"
,"375035","SFT2D2","AL035297","214838_at","-0.488881676","0.745192165"
,"10479","SLC9A6","NM_006359","203909_at","-0.462185271","0.746780768"
,"5002","SLC22A18","NM_002555","204981_at","0.498450997","0.747634385"
,"8645","KCNK5","NM_003740","219615_s_at","-0.506765409","0.748157343"
,"79885","HDAC11","AL137362","219847_at","0.503640516","0.748262024"
,"11254","SLC6A14","NM_007231","219795_at","-0.467936555","0.748739207"
,"122616","C14orf79","AF038188","213512_at","0.508580125","0.749420609"
,"79650","C16orf57","Contig56298_RC","218060_s_at","-0.512700389","0.749551419"
,"23321","TRIM2","AB011089","202341_s_at","-0.505107124","0.749962222"
,"23327","NEDD4L","AB007899","212448_at","0.502371307","0.750281297"
,"22977","AKR7A3","NM_012067","206469_x_at","0.49969396","0.750370918"
,"8581","LY6D","X82693","206276_at","-0.49652701","0.750473705"
,"8842","PROM1","NM_006017","204304_s_at","-0.498737789","0.750894641"
,"4953","ODC1","NM_002539","200790_at","-0.500178621","0.752229895"
,"55544","RBM38","X75315","212430_at","-0.485230945","0.752354883"
,"55663","ZNF446","NM_017908","219900_s_at","0.502643541","0.752376668"
,"27124","PIB5PA","U45975","213651_at","0.493911581","0.753414597"
,"6715","SRD5A1","NM_001047","211056_s_at","-0.497874636","0.756655029"
,"51809","GALNT7","NM_017423","218313_s_at","0.491503578","0.757011056"
,"89927","C16orf45","Contig1239_RC","212736_at","0.491495819","0.757310477"
,"1827","DSCR1","NM_004414","208370_s_at","-0.453183431","0.757687519"
,"51706","CYB5R1","NM_016243","202263_at","0.480014471","0.75876488"
,"3383","ICAM1","NM_000201","202638_s_at","-0.4921546","0.759111299"
,"5806","PTX3","NM_002852","206157_at","-0.500954063","0.759263083"
,"9501","RPH3AL","NM_006987","221614_s_at","0.489345723","0.759692293"
,"3613","IMPA2","NM_014214","203126_at","-0.492711141","0.759753232"
,"7568","ZNF20","AL080125","213916_at","0.474191523","0.760393024"
,"6280","S100A9","NM_002965","203535_at","-0.48574767","0.761593701"
,"22929","SEPHS1","NM_012247","208941_s_at","-0.490312243","0.762710604"
,"81563","C1orf21","Contig56307","221272_s_at","0.48956231","0.762763451"
,"1389","CREBL2","NM_001310","201990_s_at","0.468866383","0.764274897"
,"1410","CRYAB","NM_001885","209283_at","-0.490714984","0.764626005"
,"10884","MRPS30","NM_016640","218398_at","0.479596064","0.765432562"
,"55614","C20orf23","AK000142","219570_at","0.486726442","0.765836231"
,"1824","DSC2","Contig49790_RC","204750_s_at","-0.488782239","0.765994757"
,"7851","MALL","U17077","209373_at","-0.489055172","0.766316309"
,"2743","GLRB","NM_000824","205280_at","0.480525648","0.766572036"
,"427","ASAH1","NM_004315","210980_s_at","0.474147175","0.766857518"
,"5241","PGR","NM_000926","208305_at","0.507968301","0.767931467"
,"51364","ZMYND10","NM_015896","205714_s_at","0.465885335","0.768320131"
,"6926","TBX3","NM_016569","219682_s_at","0.467758204","0.768972653"
,"5193","PEX12","NM_000286","205094_at","0.465534987","0.771299562"
,"8531","CSDA","NM_003651","201161_s_at","-0.483794364","0.771700739"
,"23","ABCF1","AF027302","200045_at","-0.459417667","0.771727802"
,"7545","ZIC1","NM_003412","206373_at","-0.479733538","0.77245107"
,"819","CAMLG","NM_001745","203538_at","0.470697705","0.772933304"
,"2947","GSTM3","NM_000849","202554_s_at","0.477492539","0.773863567"
,"5825","ABCD3","NM_002858","202850_at","0.478558366","0.774199051"
,"5860","QDPR","NM_000320","209123_at","0.466880459","0.77694304"
,"59342","SCPEP1","Contig51742_RC","218217_at","-0.465390616","0.777429767"
,"51806","CALML5","NM_017422","220414_at","-0.436926611","0.777841349"
,"79603","LASS4","Contig55127_RC","218922_s_at","0.44467496","0.780061636"
,"21","ABCA3","NM_001089","204343_at","0.476768516","0.780354714"
,"54847","SIDT1","NM_017699","219734_at","0.457175309","0.78051878"
,"8537","BCAS1","NM_003657","204378_at","0.471260926","0.781068878"
,"10874","NMU","NM_006681","206023_at","-0.408795522","0.782327854"
,"54149","C21orf91","NM_017447","220941_s_at","-0.457411333","0.782940362"
,"9929","JOSD1","NM_014876","201751_at","-0.458786238","0.785508213"
,"5317","PKP1","NM_000299","221854_at","-0.475740475","0.785750041"
,"7388","UQCRH","NM_006004","202233_s_at","-0.463340115","0.786324045"
,"64764","CREB3L2","AL080209","212345_s_at","-0.448881541","0.78771472"
,"10127","ZNF263","NM_005741","203707_at","0.459983171","0.78860236"
,"80347","COASY","U18919","201913_s_at","0.441985485","0.788930057"
,"126353","C19orf21","Contig53480_RC","212925_at","0.448608295","0.789172076"
,"50865","HEBP1","NM_015987","218450_at","0.446561227","0.790515478"
,"54812","AFTPH","Contig44143","217939_s_at","0.455170453","0.791035737"
,"64087","MCCC2","AL079298","209624_s_at","0.462857334","0.792137211"
,"8884","SLC5A6","AL096737","204087_s_at","-0.439829082","0.793363126"
,"5269","SERPINB6","S69272","211474_s_at","0.46113414","0.793737295"
,"4321","MMP12","NM_002426","204580_at","-0.440265646","0.793907251"
,"8190","MIA","NM_006533","206560_s_at","-0.429561643","0.794003971"
,"6769","STAC","NM_003149","205743_at","-0.461544149","0.794035744"
,"51368","TEX264","NM_015926","218548_x_at","0.435409448","0.794574725"
,"23541","SEC14L2","NM_012429","204541_at","0.449863872","0.795691113"
,"9185","REPS2","NM_004726","205645_at","0.442965761","0.796203486"
,"185","AGTR1","NM_000685","205357_s_at","0.448719626","0.796491882"
,"7368","UGT8","NM_003360","208358_s_at","-0.47320635","0.797181557"
,"399665","FAM102A","AL049365","212400_at","0.426089803","0.797887209"
,"12","SERPINA3","NM_001085","202376_at","0.430128647","0.798346485"
,"55975","KLHL7","NM_018846","220238_s_at","-0.447153122","0.799331759"
,"25864","ABHD14A","AL050015","210006_at","0.431227602","0.799391044"
,"4851","NOTCH1","NM_017617","218902_at","-0.446280238","0.800453543"
,"9091","PIGQ","NM_004204","204144_s_at","0.448022351","0.800799077"
,"1299","COL9A3","NM_001853","204724_s_at","-0.434531561","0.801359118"
,"2800","GOLGA1","NM_002077","203384_s_at","0.432417726","0.801979288"
,"8326","FZD9","NM_003508","207639_at","-0.465712988","0.802324839"
,"6376","CX3CL1","NM_002996","203687_at","-0.446476272","0.802408813"
,"8399","PLA2G10","NM_003561","207222_at","0.441846629","0.802595278"
,"5327","PLAT","NM_000931","201860_s_at","0.446276147","0.802779242"
,"22885","ABLIM3","NM_014945","205730_s_at","0.446223817","0.803580219"
,"11094","C9orf7","NM_017586","219223_at","0.438954737","0.803900187"
,"5321","PLA2G4A","M68874","210145_at","-0.424165225","0.80390189"
,"57348","TTYH1","NM_020659","219415_at","-0.451652744","0.805615356"
,"6787","NEK4","NM_003157","204634_at","0.438354592","0.807293759"
,"123872","LRRC50","AL137334","222068_s_at","0.423132817","0.808146112"
,"10421","CD2BP2","NM_006110","202257_s_at","0.438472091","0.809185652"
,"5971","RELB","NM_006509","205205_at","-0.420584745","0.810752119"
,"6833","ABCC8","NM_000352","210246_s_at","0.43299799","0.811094072"
,"11122","PTPRT","NM_007050","205948_at","0.441958947","0.811634327"
,"23650","TRIM29","NM_012101","211002_s_at","-0.411539037","0.812560427"
,"79629","OCEL1","Contig49281_RC","205441_at","0.402331924","0.812866251"
,"8722","CTSF","NM_003793","203657_s_at","0.436109995","0.813444547"
,"57110","HRASLS","NM_020386","219984_s_at","-0.430404677","0.813917579"
,"6697","SPR","NM_003124","203458_at","0.374042555","0.815469964"
,"2919","CXCL1","NM_001511","204470_at","-0.431039144","0.815720462"
,"27250","PDCD4","AL049932","212593_s_at","0.42229844","0.815720916"
,"23245","ASTN2","AB014534","215407_s_at","0.432272945","0.81655549"
,"10265","IRX5","NM_005853","210239_at","0.444238765","0.816746883"
,"2824","GPM6B","Contig448_RC","209170_s_at","-0.427597926","0.8168277"
,"10644","IGF2BP2","NM_006548","218847_at","-0.401374475","0.817753304"
,"7436","VLDLR","NM_003383","209822_s_at","-0.410161498","0.81824919"
,"25825","BACE2","NM_012105","217867_x_at","-0.429612482","0.818674706"
,"10827","C5orf3","NM_018691","218588_s_at","0.427773891","0.819304526"
,"4828","NMB","M21551","205204_at","-0.426745009","0.820247788"
,"6720","SREBF1","NM_004176","202308_at","0.417450053","0.820708855"
,"10477","UBE2E3","NM_006357","210024_s_at","-0.42413489","0.822164226"
,"3066","HDAC2","NM_001527","201833_at","-0.425271417","0.822454328"
,"55224","ETNK2","NM_018208","219268_at","0.400594749","0.823435185"
,"875","CBS","NM_000071","212816_s_at","-0.363571667","0.823556622"
,"3872","KRT17","NM_000422","205157_s_at","-0.397957678","0.82378018"
,"753","C18orf1","NM_004338","207996_s_at","0.423862631","0.823845166"
,"136","ADORA2B","NM_000676","205891_at","-0.423063611","0.823856862"
,"2013","EMP2","NM_001424","204975_at","0.421077857","0.824624291"
,"1917","EEF1A2","NM_001958","204540_at","0.430874995","0.825239707"
,"3576","IL8","NM_000584","202859_x_at","-0.422638001","0.825795247"
,"419","ART3","NM_001179","210147_at","-0.433044149","0.825917814"
,"55650","PIGV","NM_017837","51146_at","0.420582519","0.826931805"
,"23107","MRPS27","D87453","212145_at","0.406366641","0.826940683"
,"25818","KLK5","NM_012427","222242_s_at","-0.413404194","0.827115168"
,"8309","ACOX2","NM_003500","205364_at","0.408316599","0.827876009"
,"1047","CLGN","NM_004362","205830_at","0.369392157","0.82901223"
,"10002","NR2E3","NM_014249","208388_at","0.407775212","0.830043531"
,"60487","TRMT11","Contig54010_RC","218877_s_at","-0.405661423","0.830431941"
,"10656","KHDRBS3","NM_006558","209781_s_at","-0.403404082","0.831344622"
,"55240","STEAP3","NM_018234","218424_s_at","-0.414662946","0.83324228"
,"3315","HSPB1","NM_001540","201841_s_at","0.406168651","0.834031319"
,"10273","STUB1","NM_005861","217934_x_at","0.413376875","0.834700244"
,"2171","FABP5","NM_001444","202345_s_at","-0.412190443","0.835111923"
,"55184","C20orf12","NM_018152","219951_s_at","0.39674387","0.835120573"
,"5783","PTPN13","NM_006264","204201_s_at","0.392109759","0.835383296"
,"1877","E4F1","NM_004424","218524_at","0.400337951","0.83577919"
,"11098","PRSS23","NM_007173","202458_at","0.408630816","0.836021917"
,"10202","DHRS2","NM_005794","214079_at","0.394698247","0.836221587"
,"80223","RAB11FIP1","Contig1682_RC","219681_s_at","0.409041709","0.836355265"
,"79627","OGFRL1","Contig39960_RC","219582_at","-0.411475888","0.836715105"
,"6948","TCN2","NM_000355","204043_at","-0.401648185","0.836747162"
,"3097","HIVEP2","NM_006734","212641_at","-0.403644465","0.838742793"
,"8985","PLOD3","NM_001084","202185_at","-0.40629339","0.83937633"
,"3892","KRT86","X99142","215189_at","-0.408987833","0.839394877"
,"10575","CCT4","NM_006430","200877_at","-0.40322219","0.839667184"
,"51004","COQ6","NM_015940","218760_at","0.40443291","0.839743802"
,"4071","TM4SF1","M90657","215034_s_at","-0.4024996","0.839926234"
,"1718","DHCR24","D13643","200862_at","0.380176977","0.839949625"
,"1381","CRABP1","NM_004378","205350_at","-0.404290272","0.8409904"
,"9368","SLC9A3R1","NM_004252","201349_at","0.405852497","0.841380916"
,"92104","TTC30A","AL049329","213679_at","0.403451511","0.841551015"
,"9518","GDF15","NM_004864","221577_x_at","0.402707288","0.841948716"
,"6364","CCL20","NM_004591","205476_at","-0.363194719","0.842019711"
,"3306","HSPA2","U56725","211538_s_at","0.395674599","0.842245746"
,"79605","PGBD5","Contig53598_RC","219225_at","-0.407055836","0.84277541"
,"23336","DMN","AB002351","212730_at","-0.390343621","0.843586584"
,"1356","CP","NM_000096","204846_at","-0.404043367","0.843884436"
,"54619","CCNJ","NM_019084","219470_x_at","-0.381117497","0.844401655"
,"9200","PTPLA","NM_014241","219654_at","-0.39972249","0.844778941"
,"51302","CYP39A1","NM_016593","220432_s_at","-0.33695618","0.844975117"
,"5191","PEX7","NM_000288","205420_at","0.396991099","0.845179405"
,"706","TSPO","NM_007311","202096_s_at","-0.391698447","0.845341528"
,"7159","TP53BP2","NM_005426","203120_at","-0.395726104","0.845767077"
,"55218","EXDL2","NM_018199","218363_at","0.401498328","0.846250153"
,"79669","C3orf52","Contig53814_RC","219474_at","0.388442276","0.846776039"
,"10140","TOB1","NM_005749","202704_at","0.367622466","0.84725245"
,"11226","GALNT6","Contig49342_RC","219956_at","0.395283101","0.847253692"
,"6652","SORD","NM_003104","201563_at","0.394652204","0.847767541"
,"3418","IDH2","NM_002168","210046_s_at","-0.400139137","0.847804159"
,"10200","MPHOSPH6","NM_005792","203740_at","-0.395547529","0.848141674"
,"7345","UCHL1","NM_004181","201387_s_at","-0.376791945","0.84953539"
,"6564","SLC15A1","NM_005073","207254_at","-0.343183471","0.850903361"
,"54458","PRR13","NM_018457","217794_at","0.392279425","0.850920162"
,"51103","NDUFAF1","NM_016013","204125_at","0.353122452","0.85105789"
,"11042","NA","NM_006780","215043_s_at","0.388381527","0.851937806"
,"10040","TOM1L1","NM_005486","204485_s_at","0.382624539","0.852751814"
,"1117","CHI3L2","U49835","213060_s_at","-0.37689236","0.853033349"
,"112398","EGLN2","NM_017555","220956_s_at","0.392095205","0.853446237"
,"9258","MFHAS1","NM_004225","213457_at","-0.324471403","0.85362056"
,"374","AREG","NM_001657","205239_at","0.375610148","0.854146851"
,"2982","GUCY1A3","NM_000856","221942_s_at","-0.38254572","0.854163644"
,"688","KLF5","NM_001730","209211_at","-0.391133423","0.854558871"
,"1960","EGR3","NM_004430","206115_at","0.373008187","0.85611316"
,"7993","UBXD6","NM_005671","215983_s_at","0.382878926","0.856242287"
,"25823","TPSG1","NM_012467","220339_s_at","0.373878408","0.856591509"
,"4485","MST1","L11924","205614_x_at","0.357450422","0.857946991"
,"23528","ZNF281","NM_012482","218401_s_at","0.379127283","0.858339794"
,"1672","DEFB1","NM_005218","210397_at","-0.39076646","0.858685673"
,"28960","DCPS","NM_014026","218774_at","-0.382677173","0.858774643"
,"5268","SERPINB5","NM_002639","204855_at","-0.358027325","0.859249445"
,"934","CD24","NM_013230","209772_s_at","-0.362829512","0.86062728"
,"55450","CAMK2N1","NM_018584","218309_at","0.370660238","0.860945792"
,"6261","RYR1","NM_000540","205485_at","-0.350828555","0.861340834"
,"2627","GATA6","NM_005257","210002_at","-0.370813466","0.862200066"
,"57180","ACTR3B","NM_020445","218868_at","-0.386597593","0.862506996"
,"4036","LRP2","NM_004525","205710_at","0.350254766","0.86266905"
,"29116","MYLIP","NM_013262","220319_s_at","0.373793594","0.862681243"
,"57211","GPR126","AL080079","213094_at","-0.37693751","0.862687147"
,"4435","CITED1","NM_004143","207144_s_at","0.375304645","0.862985246"
,"54913","RPP25","NM_017793","219143_s_at","-0.372371912","0.86390199"
,"9982","FGFBP1","NM_005130","205014_at","-0.330162678","0.864260466"
,"11170","FAM107A","NM_007177","209074_s_at","-0.359018034","0.864884193"
,"3294","HSD17B2","NM_002153","204818_at","-0.382708051","0.866150203"
,"6583","SLC22A4","NM_003059","205896_at","0.323184257","0.866415185"
,"79170","ATAD4","Contig61975","219127_at","0.373271428","0.867669413"
,"79745","CLIP4","Contig48631","219944_at","-0.278362218","0.86848439"
,"2813","GP2","NM_016295","214324_at","0.346238895","0.868853586"
,"6723","SRM","NM_003132","201516_at","-0.345786203","0.870266606"
,"1360","CPB1","NM_001871","205509_at","0.346493776","0.871724386"
,"5016","OVGP1","NM_002557","205432_at","0.340204667","0.872087776"
,"5271","SERPINB8","NM_002640","206034_at","-0.358083946","0.872952965"
,"347902","AMIGO2","Contig49079_RC","222108_at","0.36104055","0.87334578"
,"79719","NA","Contig57044_RC","202851_at","0.364020628","0.874136088"
,"55258","NA","NM_018271","219044_at","0.358273868","0.874179008"
,"8563","THOC5","NM_003678","209418_s_at","-0.357245363","0.874354782"
,"83464","APH1B","Contig53314_RC","221036_s_at","0.38272656","0.874569471"
,"23532","PRAME","NM_006115","204086_at","-0.351891883","0.87568013"
,"6834","SURF1","NM_003172","204295_at","0.360498545","0.876816575"
,"6019","RLN2","NM_005059","214519_s_at","0.340131262","0.877580596"
,"214","ALCAM","NM_001627","201951_at","0.357195699","0.878486882"
,"55333","SYNJ2BP","NM_018373","219156_at","0.354152982","0.878595717"
,"10525","HYOU1","NM_006389","200825_s_at","-0.353899171","0.879309158"
,"2232","FDXR","NM_004110","207813_s_at","0.357851956","0.88094545"
,"274","BIN1","NM_004305","210202_s_at","-0.362009334","0.8810547"
,"10307","APBB3","NM_006051","204650_s_at","0.346101202","0.882638244"
,"8986","RPS6KA4","NM_003942","204632_at","-0.338104769","0.882825424"
,"56938","ARNTL2","NM_020183","220658_s_at","-0.354426834","0.883130457"
,"9510","ADAMTS1","NM_006988","222162_s_at","-0.317140809","0.883576407"
,"2770","GNAI1","NM_002069","209576_at","-0.340211122","0.883662467"
,"4350","MPG","NM_002434","203686_at","0.341676941","0.884004809"
,"863","CBFA2T3","NM_005187","208056_s_at","0.344392794","0.884416124"
,"2891","GRIA2","NM_000826","205358_at","0.325402619","0.884813944"
,"10309","UNG2","X52486","210021_s_at","0.340406908","0.884921127"
,"7037","TFRC","NM_003234","207332_s_at","-0.336533681","0.884923454"
,"3574","IL7","NM_000880","206693_at","-0.343890767","0.885221043"
,"55293","UEVLD","NM_018314","220775_s_at","0.344688842","0.885938381"
,"27165","GLS2","NM_013267","205531_s_at","0.254837341","0.886441129"
,"55188","RIC8B","NM_018157","219446_at","0.342486332","0.887434273"
,"11202","KLK8","NM_007196","206125_s_at","-0.359987052","0.887541757"
,"51181","DCXR","NM_016286","217973_at","0.299804251","0.88771423"
,"827","CAPN6","NM_014289","202965_s_at","-0.328961335","0.888075448"
,"390","RND3","Contig3682_RC","212724_at","-0.335330467","0.888607585"
,"54438","GFOD1","NM_018988","219821_s_at","-0.337758297","0.889053494"
,"10079","ATP9A","AB014511","212062_at","0.328282857","0.889255142"
,"4285","MIPEP","NM_005932","36830_at","0.356463366","0.889469146"
,"8324","FZD7","NM_003507","203706_s_at","-0.33206439","0.889884855"
,"9052","GPRC5A","NM_003979","203108_at","0.346433922","0.890040223"
,"9508","ADAMTS3","AB002364","214913_at","-0.291951865","0.890309433"
,"10519","CIB1","NM_006384","201953_at","0.318187791","0.890742687"
,"7138","TNNT1","NM_003283","213201_s_at","0.331611482","0.891033522"
,"51735","RAPGEF6","NM_016340","219112_at","0.326267887","0.89116631"
,"54970","TTC12","NM_017868","219587_at","0.291552597","0.891346796"
,"2591","GALNT3","NM_004482","203397_s_at","-0.342421723","0.891358691"
,"2348","FOLR1","NM_000802","204437_s_at","-0.327278348","0.891730283"
,"2954","GSTZ1","NM_001513","209531_at","0.334740431","0.891823109"
,"23318","ZCCHC11","D83776","212704_at","-0.287446901","0.891980859"
,"10267","RAMP1","NM_005855","204916_at","0.331220193","0.892185659"
,"25984","KRT23","NM_015515","218963_s_at","-0.337728711","0.89242928"
,"6496","SIX3","NM_005413","206634_at","-0.264582596","0.892787299"
,"786","CACNG1","NM_000727","206612_at","0.325288477","0.893132764"
,"22976","PAXIP1","U80735","212825_at","0.314975901","0.893439408"
,"283232","TMEM80","Contig52603_RC","221951_at","0.334733545","0.894635943"
,"629","CFB","NM_001710","202357_s_at","0.325947876","0.895246912"
,"7286","TUFT1","NM_020127","205807_s_at","0.324287679","0.8957374"
,"5562","PRKAA1","NM_006251","209799_at","-0.272482663","0.897249406"
,"9851","KIAA0753","NM_014804","204711_at","0.33776741","0.897696217"
,"79622","C16orf33","Contig52526_RC","218493_at","0.313083514","0.898920401"
,"55316","RSAD1","NM_018346","218307_at","0.329901495","0.898981065"
,"6271","S100A1","NM_006271","205334_at","-0.325195431","0.899120454"
,"55859","BEX1","NM_018476","218332_at","0.315589822","0.899579486"
,"3595","IL12RB2","NM_001559","206999_at","-0.344678943","0.900222341"
,"5100","PCDH8","NM_002590","206935_at","-0.355195666","0.900356755"
,"2861","GPR37","NM_005302","209631_s_at","-0.315629416","0.902920283"
,"26278","SACS","NM_014363","213262_at","-0.29589301","0.903024533"
,"55506","H2AFY2","NM_018649","218445_at","-0.314880763","0.904286521"
,"64215","DNAJC1","Contig3538_RC","218409_s_at","0.309391077","0.904704283"
,"3096","HIVEP1","NM_002114","204512_at","-0.30420168","0.905214361"
,"23059","CLUAP1","AB014543","204577_s_at","0.308081913","0.905659063"
,"79602","ADIPOR2","Contig41209_RC","201346_at","0.294636455","0.905943382"
,"56683","C21orf59","NM_017835","218123_at","0.30298336","0.906330205"
,"22943","DKK1","NM_012242","204602_at","-0.317077666","0.906552011"
,"6277","S100A6","NM_014624","217728_at","-0.311274464","0.906567008"
,"65983","GRAMD3","AL157454","218706_s_at","-0.310705931","0.906845373"
,"4255","MGMT","NM_002412","204880_at","0.306014355","0.906934039"
,"10406","WFDC2","NM_006103","203892_at","0.310318913","0.908053059"
,"3760","KCNJ3","NM_002239","207142_at","0.289824264","0.90907496"
,"23552","CCRK","NM_012119","205271_s_at","0.281880641","0.910569983"
,"9722","NOS1AP","AB007933","215153_at","0.229340894","0.911497251"
,"23613","PRKCBP1","AB032951","209049_s_at","0.299807266","0.911563244"
,"202","AIM1","U83115","212543_at","-0.282506287","0.912039471"
,"51207","DUSP13","NM_016364","219963_at","0.295957672","0.913470799"
,"83988","NCALD","AF052142","211685_s_at","-0.278634535","0.913549975"
,"2920","CXCL2","NM_002089","209774_x_at","-0.23251798","0.913929307"
,"8870","IER3","NM_003897","201631_s_at","0.293240479","0.914353765"
,"55245","C20orf44","NM_018244","217935_s_at","0.292257279","0.914633438"
,"6666","SOX12","NM_006943","204432_at","0.288976299","0.91494091"
,"80279","CDK5RAP3","AK000260","218740_s_at","0.295086243","0.915477346"
,"1644","DDC","NM_000790","205311_at","-0.255399817","0.915582189"
,"5441","POLR2L","NM_021128","202586_at","0.290705454","0.915792241"
,"9022","CLIC3","NM_004669","219529_at","-0.293423313","0.915932573"
,"7769","ZNF226","NM_015919","219603_s_at","0.291518083","0.91618188"
,"27239","GPR162","NM_019858","205056_s_at","0.267327121","0.916259358"
,"26504","CNNM4","NM_020184","218900_at","0.299283579","0.916676204"
,"3400","ID4","NM_001546","209291_at","-0.299017294","0.917135234"
,"1733","DIO1","NM_000792","206457_s_at","0.277146054","0.918178806"
,"25915","C3orf60","AL049955","209177_at","0.275728009","0.918466799"
,"1525","CXADR","NM_001338","203917_at","-0.293993475","0.918866262"
,"1475","CSTA","NM_005213","204971_at","-0.296296539","0.919065795"
,"2155","F7","NM_019616","207300_s_at","0.291791149","0.919083227"
,"4188","MDFI","NM_005586","205375_at","-0.294622629","0.919236535"
,"3622","ING2","NM_001564","205981_s_at","0.290622475","0.919303599"
,"25980","C20orf4","NM_015511","218089_at","0.203116625","0.919391746"
,"8310","ACOX3","NM_003501","204242_s_at","0.287582101","0.919961112"
,"54820","NDE1","NM_017668","218414_s_at","0.282080137","0.920079592"
,"5816","PVALB","NM_002854","205336_at","0.227358785","0.920203757"
,"60686","C14orf93","Contig51318_RC","219009_at","0.24607044","0.920539974"
,"8792","TNFRSF11A","NM_003839","207037_at","-0.301523491","0.920541992"
,"54894","RNF43","NM_017763","218704_at","0.280441269","0.923270824"
,"5737","PTGFR","NM_000959","207177_at","-0.2231448","0.924206492"
,"1501","CTNND2","U96136","209618_at","0.273276047","0.924383316"
,"7764","ZNF217","NM_006526","203739_at","0.276000692","0.925380013"
,"8405","SPOP","NM_003563","208927_at","0.270754072","0.926506674"
,"1847","DUSP5","NM_004419","209457_at","0.277032448","0.927166495"
,"4488","MSX2","NM_002449","205555_s_at","0.295463635","0.927546165"
,"7163","TPD52","NM_005079","201691_s_at","0.263461652","0.927805212"
,"25790","CCDC19","NM_012337","220308_at","0.286351098","0.928605166"
,"5803","PTPRZ1","NM_002851","204469_at","-0.264459175","0.92970977"
,"23635","SSBP2","NM_012446","203787_at","0.261272248","0.930412837"
,"6548","SLC9A1","S68616","209453_at","0.266541892","0.930417948"
,"8187","ZNF239","NM_005674","206261_at","0.273064581","0.931123654"
,"2588","GALNS","NM_000512","206335_at","-0.232432334","0.93213956"
,"54903","MKS1","NM_017777","218630_at","0.248040673","0.932362145"
,"55163","PNPO","Contig55446_RC","218511_s_at","0.255506984","0.932823779"
,"55101","NA","NM_018035","218038_at","0.266549718","0.933387577"
,"4682","NUBP1","NM_002484","203978_at","0.244519893","0.934015928"
,"3779","KCNMB1","NM_004137","209948_at","-0.215645094","0.934522794"
,"64849","SLC13A3","AF154121","205243_at","-0.273794546","0.935284703"
,"4691","NCL","NM_005381","200610_s_at","-0.259481094","0.93550478"
,"64428","NARFL","Contig41536_RC","218742_at","0.203857245","0.935624333"
,"23266","LPHN2","NM_012302","206953_s_at","-0.252950367","0.936162229"
,"29104","N6AMT1","NM_013240","220311_at","0.222484457","0.937942569"
,"1783","DYNC1LI2","NM_006141","203590_at","-0.246224506","0.938320864"
,"8987","NA","NM_003943","203986_at","0.243504322","0.938630895"
,"79852","ABHD9","Contig21225_RC","220013_at","-0.270783935","0.93887984"
,"57586","SYT13","AB037848","221859_at","0.239472393","0.939365745"
,"8785","MATN4","NM_003833","207123_s_at","-0.208228838","0.939574568"
,"10331","B3GNT3","NM_014256","204856_at","-0.240638829","0.940573085"
,"5357","PLS1","NM_002670","205190_at","0.247326218","0.940664991"
,"54880","BCOR","Contig26100_RC","219433_at","0.229605443","0.942981745"
,"55790","NA","NM_018371","219049_at","-0.250426136","0.943118658"
,"4139","MARK1","NM_018650","221047_s_at","-0.244759366","0.944329845"
,"81539","SLC38A1","Contig58438_RC","218237_s_at","0.241702504","0.945111586"
,"10810","WASF3","NM_006646","204042_at","-0.182155673","0.945444166"
,"926","CD8B","NM_004931","215332_s_at","-0.24348476","0.945464604"
,"50805","IRX4","NM_016358","220225_at","-0.232248348","0.945544554"
,"58513","EPS15L1","NM_021235","221056_x_at","0.233246267","0.94611709"
,"6304","SATB1","NM_002971","203408_s_at","-0.235715141","0.946625307"
,"79446","WDR25","Contig50337_RC","219609_at","0.208642099","0.948915101"
,"23366","NA","AB020702","213424_at","0.234295176","0.948952138"
,"55699","IARS2","NM_018060","217900_at","0.230870685","0.949477716"
,,,,,,
"ERBB2","2064","ERBB2","NM_004448","216836_s_at","1","0"
,"93210","PERLD1","Contig56503_RC","221811_at","0.907758645","0.17200875"
,"5709","PSMD3","NM_002809","201388_at","0.679856111","0.551760856"
,"5409","PNMT","NM_002686","206793_at","0.65236504","0.581082444"
,"55876","GSDML","NM_018530","219233_s_at","0.551201489","0.701042445"
,"22794","CASC3","NM_007359","207842_s_at","0.475868476","0.791261269"
,"3927","LASP1","NM_006148","200618_at","0.465455223","0.802630026"
,"147179","WIPF2","U90911","212051_at","0.438708817","0.803363538"
,"55040","EPN3","NM_017957","220318_at","0.402128957","0.840891081"
,"5245","PHB","NM_002634","200659_s_at","0.397536834","0.852777893"
,"9635","CLCA2","NM_006536","217528_at","0.36055161","0.867650117"
,"3227","HOXC11","NM_014212","206745_at","0.312754199","0.881082423"
,"29095","ORMDL2","NM_014182","218556_at","0.349298325","0.883214676"
,"5909","RAP1GAP","NM_002885","203911_at","0.337350258","0.889359836"
,"1573","CYP2J2","NM_000775","205073_at","0.309379585","0.903278515"
,"26154","ABCA12","AL080207","215465_at","0.292060066","0.908124968"
,"3081","HGD","NM_000187","205221_at","0.302330606","0.90880385"
,"8804","CREG1","NM_003851","201200_at","-0.29666354","0.915982859"
,"9914","ATP2C2","NM_014861","206043_s_at","0.291958436","0.917143657"
,"5129","PCTK3","AL161977","214797_s_at","-0.294702589","0.919581811"
,"54793","KCTD9","NM_017634","218823_s_at","-0.285724776","0.919693777"
,"404093","CUEDC1","NM_017949","219468_s_at","0.320633179","0.925765463"
,"3675","ITGA3","NM_002204","201474_s_at","0.274007124","0.927570492"
,"55129","TMEM16K","NM_018075","218910_at","0.256032493","0.92892133"
,"24147","FJX1","NM_014344","219522_at","-0.252235137","0.939735137"
,"1048","CEACAM5","M29540","201884_at","0.25663632","0.947093755"
,"9572","NR1D1","X72631","204760_s_at","0.244126274","0.94968023"
,"51375","SNX7","NM_015976","205573_s_at","-0.234064097","0.949762889"
,,,,,,
"AURKA","6790","AURKA","NM_003600","208079_s_at","1","0"
,"11065","UBE2C","NM_007019","202954_at","0.820863855","0.332578721"
,"9133","CCNB2","NM_004701","202705_at","0.79214599","0.375663771"
,"1058","CENPA","NM_001809","204962_s_at","0.786068713","0.378411034"
,"332","BIRC5","NM_001168","202095_s_at","0.785737371","0.385905904"
,"11004","KIF2C","NM_006845","209408_at","0.776738323","0.403529163"
,"10112","KIF20A","NM_005733","218755_at","0.7580889","0.420402209"
,"991","CDC20","NM_001255","202870_s_at","0.743241214","0.435115841"
,"2305","FOXM1","U74612","202580_x_at","0.743383899","0.439906192"
,"891","CCNB1","Contig56843_RC","214710_s_at","0.749756817","0.441921351"
,"22974","TPX2","AB024704","210052_s_at","0.748568487","0.468134359"
,"9088","PKMYT1","NM_004203","204267_x_at","0.702883844","0.47437898"
,"54478","FAM64A","NM_019013","221591_s_at","0.685128928","0.487318586"
,"4751","NEK2","NM_002497","204641_at","0.718457153","0.487941235"
,"24137","KIF4A","NM_012310","218355_at","0.710510621","0.488813369"
,"23397","NCAPH","D38553","212949_at","0.72007551","0.490967285"
,"9319","TRIP13","U96131","204033_at","0.710205816","0.499972805"
,"4085","MAD2L1","NM_002358","203362_s_at","0.695603942","0.517656017"
,"9156","EXO1","NM_006027","204603_at","0.673978083","0.540280713"
,"10615","SPAG5","NM_006461","203145_at","0.670442201","0.550833392"
,"7083","TK1","NM_003258","202338_at","0.643196792","0.554895627"
,"6491","STIL","NM_003035","205339_at","0.679351067","0.561436112"
,"6241","RRM2","NM_001034","209773_s_at","0.663496582","0.564978476"
,"55839","CENPN","NM_018455","219555_s_at","0.665830165","0.566600085"
,"7298","TYMS","NM_001071","202589_at","0.65945932","0.568519762"
,"641","BLM","NM_000057","205733_at","0.649401343","0.584673125"
,"4171","MCM2","NM_004526","202107_s_at","0.635855115","0.597104864"
,"1164","CKS2","NM_001827","204170_s_at","0.614902417","0.610429408"
,"79682","MLF1IP","Contig64688","218883_s_at","0.624317967","0.615339427"
,"10129","FRY","U50534","204072_s_at","-0.59404899","0.652505205"
,"51659","GINS2","NM_016095","221521_s_at","0.582355702","0.652817049"
,"10212","DDX39","NM_005804","201584_s_at","0.568291258","0.657312844"
,"3925","STMN1","NM_005563","200783_s_at","0.589613162","0.657518464"
,"79801","SHCBP1","Contig34952","219493_at","0.585901802","0.661475953"
,"3014","H2AFX","NM_002105","205436_s_at","0.579987829","0.666254194"
,"10535","RNASEH2A","NM_006397","203022_at","0.580753923","0.666515392"
,"5984","RFC4","NM_002916","204023_at","0.575746351","0.671194217"
,"55970","GNG12","AL049367","212294_at","-0.56373935","0.68491997"
,"1033","CDKN3","NM_005192","209714_s_at","0.575815638","0.6918622"
,"55388","MCM10","NM_018518","220651_s_at","0.572262092","0.69399602"
,"55257","C20orf20","NM_018270","218586_at","0.553371639","0.695442511"
,"1163","CKS1B","NM_001826","201897_s_at","0.545468556","0.698030816"
,"8914","TIMELESS","NM_003920","203046_s_at","0.559966788","0.704852194"
,"54821","NA","NM_017669","219650_at","0.506228567","0.70697648"
,"23371","TENC1","AB028998","212494_at","-0.540338428","0.719688949"
,"8544","PIR","NM_003662","207469_s_at","0.51732303","0.722573201"
,"8317","CDC7","AF015592","204510_at","0.522596999","0.730034447"
,"2331","FMOD","NM_002023","202709_at","-0.49793008","0.730688731"
,"51512","GTSE1","NM_016426","215942_s_at","0.522293944","0.737008012"
,"6424","SFRP4","NM_003014","204051_s_at","-0.503981562","0.739316208"
,"55353","LAPTM4B","NM_018407","208029_s_at","0.510974612","0.741225782"
,"8404","SPARCL1","NM_004684","200795_at","-0.508445481","0.744694596"
,"990","CDC6","NM_001254","203967_at","0.503962062","0.748292813"
,"7043","TGFB3","NM_003239","209747_at","-0.501014607","0.750780117"
,"11047","ADRM1","NM_007002","201281_at","0.481127919","0.752181185"
,"58190","CTDSP1","NM_021198","217844_at","-0.487068931","0.757675543"
,"79838","TMC5","Contig45537_RC","219580_s_at","-0.489221399","0.762742558"
,"84823","LMNB2","M94362","216952_s_at","0.492907473","0.765450281"
,"83989","C5orf21","AF070617","212936_at","-0.486767063","0.766896872"
,"1793","DOCK1","NM_001380","203187_at","-0.483372924","0.768557986"
,"9358","ITGBL1","NM_004791","205422_s_at","-0.436491106","0.769646328"
,"8836","GGH","NM_003878","203560_at","0.484685676","0.769709668"
,"57088","PLSCR4","NM_020353","218901_at","-0.482651","0.770237787"
,"6642","SNX1","AL050148","213364_s_at","-0.46500284","0.770486626"
,"4969","OGN","NM_014057","218730_s_at","-0.466959754","0.770624576"
,"90627","STARD13","AL049801","213103_at","-0.480804487","0.770936403"
,"11260","XPOT","NM_007235","212160_at","0.472165093","0.772199633"
,"22827","NA","AF114818","209899_s_at","0.477068606","0.773496315"
,"9793","CKAP5","D43948","212832_s_at","0.466604145","0.783735263"
,"2791","GNG11","NM_004126","204115_at","-0.436715822","0.785914493"
,"55247","NEIL3","NM_018248","219502_at","0.387791125","0.785965193"
,"10234","LRRC17","NM_005824","205381_at","-0.470393991","0.78807293"
,"9353","SLIT2","NM_004787","209897_s_at","-0.445614652","0.7891295"
,"1841","DTYMK","NM_012145","203270_at","0.453199348","0.790596547"
,"9631","NUP155","NM_004298","206550_s_at","0.463044246","0.793503739"
,"5424","POLD1","NM_002691","203422_at","0.436580111","0.79418075"
,"6631","SNRPC","NM_003093","201342_at","0.439785378","0.794257849"
,"10186","LHFP","NM_005780","218656_s_at","-0.45165415","0.800444579"
,"4521","NUDT1","NM_002452","204766_s_at","0.452653404","0.801745536"
,"3479","IGF1","X57025","209540_at","-0.446096953","0.802085779"
,"4172","MCM3","NM_002388","201555_at","0.449081552","0.802988628"
,"2205","FCER1A","NM_002001","211734_s_at","-0.448061407","0.803412984"
,"55732","C1orf112","NM_018186","220840_s_at","0.42605845","0.806117986"
,"9077","DIRAS3","NM_004675","215506_s_at","-0.445208412","0.806296741"
,"5557","PRIM1","NM_000946","205053_at","0.449712622","0.807788703"
,"54963","UCKL1","NM_017859","218533_s_at","0.435505247","0.808482789"
,"54512","EXOSC4","NM_019037","218695_at","0.438481818","0.808756437"
,"79901","CYBRD1","Contig52737_RC","217889_s_at","-0.440564443","0.809596032"
,"10161","P2RY5","NM_005767","218589_at","-0.440507256","0.811708835"
,"29097","CNIH4","NM_014184","218728_s_at","0.405953438","0.816190894"
,"6513","SLC2A1","NM_006516","201250_s_at","0.43835292","0.81712218"
,"51123","ZNF706","NM_016096","218059_at","0.428982832","0.819079758"
,"857","CAV1","NM_001753","203065_s_at","-0.42094884","0.825361732"
,"51110","LACTB2","NM_016027","218701_at","0.384063357","0.829135483"
,"51204","CCDC44","NM_016360","221069_s_at","0.414669919","0.829701293"
,"54845","RBM35A","NM_017697","219121_s_at","0.404725151","0.831774816"
,"283","ANG","NM_001145","205141_at","-0.412118185","0.834366082"
,"79652","C16orf30","Contig26371_RC","219315_s_at","-0.406140661","0.835774978"
,"56944","OLFML3","NM_020190","218162_at","-0.396380172","0.835872435"
,"3297","HSF1","NM_005526","202344_at","0.393113682","0.836172966"
,"27235","COQ2","NM_015697","213379_at","0.394874544","0.838129037"
,"2487","FRZB","NM_001463","203698_s_at","-0.402145147","0.842301657"
,"3251","HPRT1","NM_000194","202854_at","0.401889944","0.842800545"
,"5119","PCOLN3","NM_002768","201933_at","0.401736559","0.842814242"
,"6839","SUV39H1","NM_003173","218619_s_at","0.396921778","0.845003472"
,"27303","RBMS3","NM_014483","206767_at","-0.382818553","0.845114787"
,"10468","FST","NM_013409","204948_s_at","-0.377349354","0.851436401"
,"26289","AK5","NM_012093","219308_s_at","-0.395223599","0.852323896"
,"55038","CDCA4","NM_017955","218399_s_at","0.386970228","0.853046269"
,"7283","TUBG1","NM_001070","201714_at","0.377543673","0.856260137"
,"23212","RRS1","D25218","209567_at","0.381084547","0.859588011"
,"65094","JMJD4","Contig52872_RC","218560_s_at","0.386721791","0.860408119"
,"55379","LRRC59","NM_018509","222231_s_at","0.366371991","0.860584113"
,"10956","NA","NM_006812","215399_s_at","-0.295525161","0.860849464"
,"51022","GLRX2","NM_016066","219933_at","0.373617007","0.862306014"
,"54915","YTHDF1","NM_017798","221741_s_at","0.367355134","0.86250978"
,"54861","SNRK","D43636","209481_at","-0.368145569","0.864874681"
,"79000","C1orf135","Contig25124_RC","220011_at","0.34885364","0.865018496"
,"79776","ZFHX4","Contig48790_RC","219779_at","-0.375988132","0.866552699"
,"79971","GPR177","Contig53944_RC","221958_s_at","-0.342767301","0.866720045"
,"7718","ZNF165","NM_003447","206683_at","0.338079971","0.869974566"
,"201254","STRA13","U95006","209478_at","0.363815143","0.871696996"
,"1848","DUSP6","NM_001946","208893_s_at","-0.34350182","0.871975414"
,"9037","SEMA5A","NM_003966","205405_at","-0.375777185","0.872467328"
,"5433","POLR2D","NM_004805","203664_s_at","0.390567073","0.873347886"
,"29087","THYN1","NM_014174","218491_s_at","-0.324985306","0.874699946"
,"79864","C11orf63","Contig27559_RC","220141_at","-0.358181069","0.875013566"
,"358","AQP1","NM_000385","209047_at","-0.32225578","0.876068416"
,"6634","SNRPD3","NM_004175","202567_at","0.356764571","0.876553009"
,"2621","GAS6","NM_000820","202177_at","-0.350610245","0.876900397"
,"56270","WDR45L","NM_019613","209076_s_at","0.337179642","0.876953353"
,"5187","PER1","NM_002616","202861_at","-0.356623495","0.877249218"
,"2098","ESD","AF112219","215096_s_at","-0.331656536","0.877568889"
,"81887","LAS1L","Contig40237_RC","208117_s_at","0.355525467","0.878185905"
,"1811","SLC26A3","NM_000111","206143_at","-0.324969954","0.878523665"
,"54535","CCHCR1","NM_019052","42361_g_at","0.303212335","0.879290516"
,"55526","DHTKD1","Contig173","209916_at","0.302461461","0.880741229"
,"57161","PELI2","NM_021255","219132_at","-0.340004348","0.881182055"
,"2353","FOS","NM_005252","209189_at","-0.348531369","0.881316836"
,"51279","C1RL","NM_016546","218983_at","-0.348014893","0.882609"
,"60436","TGIF2","AF055012","218724_s_at","0.347072353","0.883569866"
,"3028","HSD17B10","NM_004493","202282_at","0.341783943","0.88402224"
,"26519","TIMM10","NM_012456","218408_at","0.342150925","0.884715217"
,"25960","GPR124","AB040964","221814_at","-0.338678049","0.88492336"
,"10252","SPRY1","AF041037","212558_at","-0.346271902","0.885767923"
,"6199","RPS6KB2","NM_003952","203777_s_at","0.316080366","0.885921604"
,"9824","ARHGAP11A","NM_014783","204492_at","0.271468635","0.886970555"
,"55630","SLC39A4","NM_017767","219215_s_at","0.353664658","0.887047277"
,"7049","TGFBR3","NM_003243","204731_at","-0.328071026","0.887698816"
,"8607","RUVBL1","NM_003707","201614_s_at","0.268410584","0.888152059"
,"2581","GALC","NM_000153","204417_at","-0.337288552","0.888213228"
,"862","RUNX1T1","NM_004349","205528_s_at","-0.351438584","0.88846914"
,"8458","TTF2","NM_003594","204407_at","0.333371618","0.88848286"
,"9775","EIF4A3","NM_014740","201303_at","0.334470277","0.891654944"
,"3181","HNRPA2B1","NM_002137","205292_s_at","0.334227798","0.892344287"
,"26039","SS18L1","AB014593","213140_s_at","0.31535083","0.892395413"
,"10580","SORBS1","NM_015385","218087_s_at","-0.336071433","0.892619568"
,"7056","THBD","NM_000361","203888_at","-0.308462398","0.894985585"
,"8322","FZD4","NM_012193","218665_at","-0.350485856","0.895167871"
,"1003","CDH5","NM_001795","204677_at","-0.32733789","0.895661116"
,"2152","F3","NM_001993","204363_at","-0.331769994","0.895910725"
,"55068","NA","NM_017993","219501_at","-0.299596416","0.897626597"
,"64785","GINS3","AL137379","218719_s_at","0.345282183","0.898041826"
,"79042","TSEN34","Contig3597_RC","218132_s_at","0.316134089","0.898125459"
,"8805","TRIM24","NM_015905","204391_x_at","0.320229877","0.899125295"
,"1478","CSTF2","NM_001325","204459_at","0.319509099","0.900149824"
,"1746","DLX2","NM_004405","207147_at","-0.320794793","0.902276681"
,"57125","PLXDC1","NM_020405","219700_at","-0.278558967","0.902333798"
,"22998","NA","AB029025","212328_at","-0.313563524","0.903307846"
,"79915","C17orf41","Contig36210_RC","220223_at","0.298348091","0.904268882"
,"7026","NR2F2","M64497","215073_s_at","-0.317884422","0.905831798"
,"7474","WNT5A","Contig40434_RC","213425_at","-0.310399031","0.906409867"
,"55857","C20orf19","NM_018474","219961_s_at","-0.330455354","0.90691686"
,"114625","ERMAP","NM_018538","219905_at","-0.293725477","0.907329798"
,"8857","FCGBP","NM_003890","203240_at","-0.311440912","0.908506651"
,"26872","STEAP1","NM_012449","205542_at","-0.304158203","0.909645834"
,"7226","TRPM2","NM_003307","205708_s_at","0.290916974","0.911329018"
,"29844","TFPT","NM_013342","218996_at","0.271529206","0.913433463"
,"4719","NDUFS1","NM_005006","203039_s_at","0.303109253","0.915015151"
,"4013","LOH11CR2A","NM_014622","210102_at","-0.302795949","0.915117797"
,"3396","ICT1","NM_001545","204868_at","0.292070088","0.91536279"
,"397","ARHGDIB","NM_001175","201288_at","-0.284313425","0.916109977"
,"10436","EMG1","U72514","209233_at","0.29513303","0.91771301"
,"51582","AZIN1","NM_015878","201772_at","0.28911943","0.917927776"
,"10598","AHSA1","NM_012111","201491_at","0.290857764","0.9179611"
,"333","APLP1","NM_005166","209462_at","0.265203127","0.919016116"
,"51142","CHCHD2","NM_016139","217720_at","0.294292226","0.919415001"
,"27123","DKK2","NM_014421","219908_at","-0.286583179","0.919956834"
,"55020","NA","NM_017931","218272_at","-0.284807018","0.922283445"
,"23460","ABCA6","Contig35210_RC","217504_at","-0.274267722","0.922481847"
,"64321","SOX17","Contig37354_RC","219993_at","-0.278019335","0.925123949"
,"7098","TLR3","NM_003265","206271_at","-0.271521298","0.925325276"
,"6338","SCNN1B","NM_000336","205464_at","0.28820584","0.925826366"
,"3692","ITGB4BP","NM_002212","210213_s_at","0.263212244","0.926734961"
,"10253","SPRY2","NM_005842","204011_at","-0.285256447","0.926765742"
,"2669","GEM","NM_005261","204472_at","-0.280509659","0.926916522"
,"79679","VTCN1","Contig52970_RC","219768_at","-0.261241427","0.927139343"
,"79618","HMBOX1","Contig1982_RC","219269_at","-0.270390855","0.92843197"
,"8772","FADD","NM_003824","202535_at","0.27301337","0.93042485"
,"9986","RCE1","NM_005133","205333_s_at","0.25749527","0.930511454"
,"58500","ZNF250","X16282","213858_at","0.249529287","0.93097776"
,"11081","KERA","NM_007035","220504_at","-0.323492695","0.932434909"
,"7064","THOP1","NM_003249","203235_at","0.21439195","0.932738348"
,"55799","CACNA2D3","NM_018398","219714_s_at","-0.261604296","0.932985294"
,"49855","ZNF291","AL137612","209741_x_at","-0.259944901","0.933064583"
,"54606","DDX56","NM_019082","217754_at","0.202591131","0.934651171"
,"7164","TPD52L1","NM_003287","203786_s_at","0.260470913","0.934685044"
,"80775","TMEM177","Contig49309_RC","218897_at","0.265363587","0.934961966"
,"667","DST","NM_001723","204455_at","-0.248397992","0.935375903"
,"2781","GNAZ","NM_002073","204993_at","0.258872319","0.936532833"
,"23464","GCAT","NM_014291","205164_at","0.251880375","0.936847336"
,"79763","ISOC2","Contig2889_RC","218893_at","0.256164207","0.936952189"
,"4649","MYO9A","NM_006901","219027_s_at","-0.254173318","0.93701735"
,"53820","DSCR6","NM_018962","207267_s_at","0.229254645","0.93734872"
,"3638","INSIG1","NM_005542","201625_s_at","0.284659697","0.938726931"
,"11171","STRAP","NM_007178","200870_at","0.252556209","0.940118601"
,"10992","SF3B2","NM_006842","200619_at","0.254492749","0.940473638"
,"6832","SUPV3L1","NM_003171","212894_at","0.253167283","0.940890077"
,"55922","NKRF","NM_017544","205004_at","0.237927975","0.9421922"
,"10557","RPP38","NM_006414","205562_at","0.267313355","0.943143623"
,"3216","HOXB6","NM_018952","205366_s_at","-0.245364893","0.944854741"
,"54785","C17orf59","NM_017622","219417_s_at","-0.235210876","0.945554277"
,"1933","EEF1B2","X60656","200705_s_at","-0.237819874","0.945587039"
,"8161","COIL","NM_004645","203653_s_at","0.232189669","0.945723554"
,"594","BCKDHB","NM_000056","213321_at","-0.259792258","0.9475144"
,"6286","S100P","NM_005980","204351_at","0.232257446","0.948099124"
,"3954","LETM1","NM_012318","218939_at","0.233460226","0.948276398"
,"51087","YBX2","NM_015982","219704_at","0.196514735","0.948900789"
,"10953","TOMM34","NM_006809","201870_at","0.204607911","0.949034891"
,,,,,,
"PLAU","5328","PLAU","NM_002658","211668_s_at","1","0"
,"649","BMP1","NM_001199","207595_s_at","0.686303345","0.534305465"
,"4323","MMP14","NM_004995","202827_s_at","0.666244138","0.559607929"
,"7070","THY1","NM_006288","208850_s_at","0.613593172","0.627698291"
,"1290","COL5A2","NM_000393","221730_at","0.570972856","0.62999627"
,"8038","ADAM12","NM_003474","202952_s_at","0.546163691","0.662574251"
,"23452","ANGPTL2","AF007150","219514_at","0.574017552","0.66386681"
,"4237","MFAP2","NM_017459","203417_at","0.573117712","0.674166716"
,"871","SERPINH1","NM_004353","207714_s_at","0.551607834","0.675286499"
,"1291","COL6A1","X15880","212091_s_at","0.553673759","0.701177797"
,"3671","ISLR","NM_005545","207191_s_at","0.513171443","0.726476697"
,"9260","PDLIM7","NM_005451","214121_x_at","0.529257266","0.735614613"
,"55742","PARVA","NM_018222","217890_s_at","0.483569524","0.736339664"
,"25903","OLFML2B","AL050137","213125_at","0.516201362","0.740220151"
,"6876","TAGLN","NM_003186","205547_s_at","0.500057895","0.748828695"
,"5476","CTSA","NM_000308","200661_at","0.476318761","0.763036848"
,"5159","PDGFRB","NM_002609","202273_at","0.475040267","0.769821276"
,"54587","MXRA8","AL050202","213422_s_at","0.437778456","0.784354172"
,"9180","OSMR","NM_003999","205729_at","0.433306368","0.79490084"
,"1281","COL3A1","NM_000090","201852_x_at","0.449280663","0.806105195"
,"26585","GREM1","NM_013372","218468_s_at","0.431076597","0.806133268"
,"2191","FAP","NM_004460","209955_s_at","0.449475987","0.808337233"
,"1627","DBN1","NM_004395","217025_s_at","0.429269432","0.809226482"
,"23299","BICD2","AB014599","209203_s_at","0.430848727","0.813994971"
,"51330","TNFRSF12A","NM_016639","218368_s_at","0.436061674","0.821259664"
,"7421","VDR","NM_000376","204253_s_at","0.423203335","0.823722546"
,"6591","SNAI2","Contig1585_RC","213139_at","0.409857641","0.824381249"
,"2037","EPB41L2","NM_001431","201718_s_at","0.421951551","0.825246889"
,"55033","FKBP14","NM_017946","219390_at","0.425656347","0.827817825"
,"4681","NBL1","NM_005380","201621_at","0.410725353","0.836503012"
,"10487","CAP1","NM_006367","213798_s_at","0.414551349","0.843899961"
,"526","ATP6V1B2","NM_001693","201089_at","0.385305229","0.845387478"
,"2050","EPHB4","NM_004444","216680_s_at","0.33501482","0.850336946"
,"9697","TRAM2","NM_012288","202369_s_at","0.37440913","0.851530018"
,"4921","DDR2","NM_006182","205168_at","0.37934529","0.852102907"
,"9945","GFPT2","NM_005110","205100_at","0.420846996","0.852411188"
,"4811","NID1","NM_002508","202007_at","0.426030363","0.85968909"
,"8481","OFD1","NM_003611","203569_s_at","-0.336408168","0.875372065"
,"23705","IGSF4","NM_014333","209030_s_at","0.326615812","0.877277896"
,"23166","STAB1","AJ275213","204150_at","0.345752035","0.879137539"
,"8459","TPST2","NM_003595","204079_at","0.292694524","0.879236195"
,"23645","PPP1R15A","NM_014330","202014_at","0.334435453","0.88314905"
,"27295","PDLIM3","NM_014476","209621_s_at","0.344670867","0.885652512"
,"93974","ATPIF1","NM_016311","218671_s_at","-0.328029852","0.886105389"
,"51592","TRIM33","NM_015906","212435_at","-0.330383597","0.895125804"
,"4314","MMP3","NM_002422","205828_at","0.304242677","0.895658603"
,"1833","EPYC","NM_004950","206439_at","0.337308341","0.895915378"
,"157567","ANKRD46","U79297","212731_at","-0.32344971","0.898025232"
,"8904","CPNE1","NM_003915","206918_s_at","0.318038406","0.900793856"
,"602","BCL3","NM_005178","204907_s_at","0.304998235","0.904399401"
,"2720","GLB1","NM_000404","201576_s_at","0.322062138","0.906764094"
,"59286","UBL5","Contig65670_RC","218011_at","-0.270213253","0.914865462"
,"8408","ULK1","NM_003565","209333_at","0.27421269","0.918353875"
,"55035","NOL8","NM_017948","218244_at","-0.274566442","0.922310693"
,"7042","TGFB2","NM_003238","220407_s_at","0.286360255","0.923466436"
,"5155","PDGFB","NM_002608","204200_s_at","0.269055708","0.931600028"
,"10409","BASP1","NM_006317","202391_at","0.244062133","0.932183339"
,"10993","SDS","NM_006843","205695_at","0.245388394","0.933091037"
,"6233","RPS27A","NM_002954","200017_at","-0.264689018","0.933902258"
,"8507","ENC1","NM_003633","201340_s_at","0.230967436","0.934843627"
,"176","AGC1","NM_013227","217161_x_at","0.214527206","0.938418486"
,"9849","ZNF518","NM_014803","204291_at","-0.279405416","0.941723169"
,"51463","GPR89A","NM_016334","222140_s_at","-0.246339963","0.942684028"
,"6141","RPL18","NM_000979","222297_x_at","-0.244770917","0.944074771"
,"4205","MEF2A","NM_005587","208328_s_at","0.206794876","0.9444056"
,"1774","DNASE1L1","NM_006730","203912_s_at","0.232623402","0.946207309"
,"4430","MYO1B","AK000160","212364_at","0.228075133","0.947362794"
,"57158","JPH2","NM_020433","220385_at","0.163350482","0.949439143"
,,,,,,
"VEGF","7422","VEGFA","NM_003376","211527_x_at","1","0"
,"911","CD1C","NM_001765","205987_at","-0.302791888","0.875335287"
,"4005","LMO2","NM_005574","204249_s_at","-0.354196997","0.876731359"
,"4222","MEOX1","NM_013999","205619_s_at","-0.350489565","0.882751646"
,"29927","SEC61A1","NM_013336","217716_s_at","0.348075751","0.885518246"
,"6166","RPL36AL","NM_001001","207585_s_at","-0.337512063","0.887065036"
,"9450","LY86","NM_004271","205859_at","-0.294017543","0.907178982"
,"22900","CARD8","NM_014959","204950_at","-0.299841623","0.912490569"
,"1776","DNASE1L3","NM_004944","205554_s_at","-0.298769909","0.915582301"
,"1119","CHKA","NM_001277","204233_s_at","0.293232546","0.918063311"
,"22809","ATF5","NM_012068","204999_s_at","0.217042464","0.937083889"
,"23417","MLYCD","NM_012213","218869_at","-0.235341308","0.939494944"
,"23592","LEMD3","NM_014319","218604_at","-0.269823184","0.947647276"
,"51621","KLF13","NM_015995","219878_s_at","0.242003861","0.947879938"
,,,,,,
"STAT1","6772","STAT1","NM_007315","209969_s_at","1","0"
,"3627","CXCL10","NM_001565","204533_at","0.791673192","0.373734657"
,"6890","TAP1","NM_000593","202307_s_at","0.773730642","0.38014378"
,"6373","CXCL11","NM_005409","210163_at","0.729976561","0.469038038"
,"3620","INDO","NM_002164","210029_at","0.693332241","0.480540278"
,"4283","CXCL9","NM_002416","203915_at","0.705931141","0.506582671"
,"4599","MX1","NM_002462","202086_at","0.700341707","0.512026803"
,"27074","LAMP3","NM_014398","205569_at","0.691286706","0.51665141"
,"9636","ISG15","NM_005101","205483_s_at","0.692921839","0.521514816"
,"64108","RTP4","Contig51660_RC","219684_at","0.66510774","0.521724062"
,"55008","HERC6","NM_017912","219352_at","0.680045765","0.534540502"
,"10964","IFI44L","NM_006820","204439_at","0.68441612","0.53484654"
,"4600","MX2","M30818","204994_at","0.676333667","0.545187222"
,"3437","IFIT3","NM_001549","204747_at","0.676843523","0.547342002"
,"51191","HERC5","NM_016323","219863_at","0.654162297","0.55158659"
,"91543","RSAD2","AF026941","213797_at","0.654314865","0.566762715"
,"23586","DDX58","NM_014314","218943_s_at","0.640872007","0.568844077"
,"6352","CCL5","NM_002985","1405_i_at","0.660200416","0.568867672"
,"27299","ADAMDEC1","NM_014479","206134_at","0.642299127","0.589527746"
,"914","CD2","NM_001767","205831_at","0.644301271","0.616877785"
,"55601","NA","NM_017631","218986_s_at","0.613852226","0.621928407"
,"10866","HCP5","NM_006674","206082_at","0.610103583","0.629169819"
,"9111","NMI","NM_004688","203964_at","0.603257958","0.639437655"
,"9806","SPOCK2","NM_014767","202524_s_at","0.584098575","0.641216629"
,"6355","CCL8","NM_005623","214038_at","0.570756407","0.651950505"
,"10346","TRIM22","NM_006074","213293_s_at","0.590810894","0.652849087"
,"4069","LYZ","NM_000239","213975_s_at","0.544927822","0.662182124"
,"3659","IRF1","NM_002198","202531_at","0.589919529","0.66222688"
,"3902","LAG3","NM_002286","206486_at","0.541977347","0.668358145"
,"9595","PSCDBP","NM_004288","209606_at","0.567980838","0.668469879"
,"22797","TFEC","NM_012252","206715_at","0.599293976","0.668483201"
,"10537","UBD","NM_006398","205890_s_at","0.578544702","0.670772877"
,"11262","SP140","NM_007237","207777_s_at","0.577805009","0.679232612"
,"1075","CTSC","NM_001814","201487_at","0.562320779","0.681366545"
,"2537","IFI6","NM_002038","204415_at","0.563222465","0.683899859"
,"7941","PLA2G7","NM_005084","206214_at","0.557200093","0.695642543"
,"917","CD3G","NM_000073","206804_at","0.55769671","0.698961356"
,"1890","ECGF1","NM_001953","204858_s_at","0.546473637","0.700870238"
,"51316","PLAC8","NM_016619","219014_at","0.538438452","0.703113148"
,"10875","FGL2","NM_006682","204834_at","0.524540085","0.705303623"
,"3003","GZMK","NM_002104","206666_at","0.530074132","0.717735405"
,"962","CD48","NM_001778","204118_at","0.533233612","0.719024509"
,"6775","STAT4","NM_003151","206118_at","0.550392357","0.72324098"
,"2841","GPR18","Contig35647_RC","210279_at","0.521231488","0.726949329"
,"5026","P2RX5","NM_002561","210448_s_at","0.504830283","0.729589032"
,"10437","IFI30","NM_006332","201422_at","0.511822231","0.735812254"
,"4068","SH2D1A","NM_002351","210116_at","0.471245594","0.7433416"
,"7805","LAPTM5","NM_006762","201720_s_at","0.498421145","0.746819193"
,"969","CD69","NM_001781","209795_at","0.471158768","0.753189587"
,"5778","PTPN7","NM_002832","204852_s_at","0.499057802","0.75677133"
,"3394","IRF8","NM_002163","204057_at","0.489162341","0.768389511"
,"11040","PIM2","NM_006875","204269_at","0.47698737","0.770321793"
,"51513","ETV7","NM_016135","221680_s_at","0.532716749","0.771749503"
,"29909","GPR171","NM_013308","207651_at","0.467045116","0.776788947"
,"5720","PSME1","NM_006263","200814_at","0.463856614","0.778162143"
,"330","BIRC3","NM_001165","210538_s_at","0.47318545","0.778456521"
,"356","FASLG","NM_000639","210865_at","0.521488064","0.782352474"
,"8519","IFITM1","NM_003641","201601_x_at","0.469088027","0.78238098"
,"24138","IFIT5","NM_012420","203596_s_at","0.466667589","0.783188342"
,"3689","ITGB2","NM_000211","202803_s_at","0.461692343","0.784532984"
,"11118","BTN3A2","NM_007047","212613_at","0.461680236","0.788500748"
,"3059","HCLS1","NM_005335","202957_at","0.450361209","0.795023723"
,"6398","SECTM1","NM_003004","213716_s_at","0.425961617","0.799831467"
,"55843","ARHGAP15","NM_018460","218870_at","0.417535994","0.801382989"
,"22914","KLRK1","NM_007360","205821_at","0.437660493","0.809727352"
,"10261","IGSF6","NM_005849","206420_at","0.436549677","0.81219172"
,"1880","EBI2","NM_004951","205419_at","0.399159019","0.815726925"
,"26034","NA","AB007863","214735_at","0.40937931","0.829560298"
,"29887","SNX10","NM_013322","218404_at","0.400589724","0.835603896"
,"79132","NA","Contig63102_RC","219364_at","0.391375097","0.849609415"
,"684","BST2","NM_004335","201641_at","0.384303271","0.854129545"
,"55337","NA","NM_018381","218429_s_at","0.386327296","0.857355054"
,"341","APOC1","NM_001645","204416_x_at","0.36462583","0.861296021"
,"51237","NA","NM_016459","221286_s_at","0.370554593","0.874957917"
,"445347","NA","M17323","209813_x_at","0.305107684","0.886124869"
,"56829","ZC3HAV1","NM_020119","220104_at","0.342023355","0.888935417"
,"23564","DDAH2","NM_013974","214909_s_at","-0.333585684","0.889200466"
,"23547","LILRA4","AF041261","210313_at","0.341444621","0.894341374"
,"10148","EBI3","NM_005755","219424_at","0.284618325","0.894479773"
,"3823","KLRC3","NM_007333","207723_s_at","0.269791167","0.896638494"
,"50856","CLEC4A","NM_016184","221724_s_at","0.348085505","0.90159803"
,"959","CD40LG","NM_000074","207892_at","0.330319064","0.90731366"
,"7409","VAV1","NM_005428","206219_s_at","0.346468277","0.907387687"
,"2745","GLRX","NM_002064","206662_at","0.30616967","0.910310197"
,"54","ACP5","NM_001611","204638_at","0.276526368","0.911099185"
,"5993","RFX5","NM_000449","202964_s_at","0.292677164","0.911410075"
,"51816","CECR1","NM_017424","219505_at","0.305675892","0.913657631"
,"7187","TRAF3","NM_003300","208315_x_at","0.246604319","0.921975101"
,"4218","RAB8A","NM_005370","208819_at","0.272692263","0.923395016"
,"3606","IL18","NM_001562","206295_at","0.265963985","0.927706943"
,"1942","EFNA1","NM_004428","202023_at","-0.258870977","0.934754499"
,"10125","RASGRP1","NM_005739","205590_at","0.256021016","0.936422237"
,"9985","REC8L1","NM_005132","218599_at","0.258614123","0.936428333"
,"9034","CCRL2","NM_003965","211434_s_at","0.318651272","0.940353226"
,"10126","DNAL4","NM_005740","204008_at","-0.219900416","0.943877702"
,,,,,,
"CASP3","836","CASP3","NM_004346","202763_at","1","0"
,"10393","ANAPC10","NM_014885","207845_s_at","0.356889908","0.902909966"
,"7738","ZNF184","U66561","213452_at","0.2920488","0.913630754"
,"3728","JUP","NM_002230","201015_s_at","-0.272571262","0.924223529"
,"8237","USP11","NM_004651","208723_at","-0.290651812","0.925692835"
,"402","ARL2","NM_001667","202564_x_at","-0.255334194","0.935253954"
,"25978","CHMP2B","NM_014043","202536_at","0.265905131","0.937256343"
,"6301","SARS","NM_006513","200802_at","-0.251797375","0.937862493"
,"55361","NA","AL353952","209346_s_at","-0.242946915","0.943220971"
,"5977","DPF2","NM_006268","202116_at","-0.215939259","0.947438324"
